id,drivetrain,pp_lo,pp_hi,power_hp,n_class
24,FR,430,465,197,N200
31,FR,430,470,286,N300
37,FF,390,425,167,N200
41,FR,400,440,300,N300
51,FF,410,450,197,N200
63,FR,340,375,128,N100
78,FR,420,455,217,N200
82,FR,470,500,276,N300
105,4WD,450,490,197,N200
173,RR,430,470,158,N200
201,FR,370,405,113,N100
204,FF,420,455,182,N200
205,FR,470,505,280,N300
210,4WD,540,575,276,N300
211,4WD,480,515,276,N300
293,MR,470,510,276,N300
301,4WD,475,510,276,N300
374,FR,440,480,202,N200
379,4WD,480,515,276,N300
396,MR,490,530,276,N300
451,4WD,500,535,276,N300
489,4WD,520,555,276,N300
514,FR,450,485,237,N200
575,FR,430,470,232,N200
761,4WD,490,530,,
773,4WD,510,545,276,N300
781,4WD,490,530,,
799,4WD,490,525,276,N300
808,4WD,480,520,276,N300
810,FR,340,375,128,N100
818,FR,390,430,360,N400
821,FF,415,450,182,N200
829,4WD,500,540,276,N300
836,FR,430,470,158,N200
837,FR,420,460,158,N200
843,FR,450,490,266,N300
919,FR,400,435,135,N100
931,4WD,470,505,266,N300
942,FR,470,510,375,N400
967,FR,450,490,252,N300
1365,4WD,540,580,414,N400
1373,FR,510,550,449,N400
1399,FR,490,525,414,N400
1402,FR,530,570,600,N600
1409,MR,580,620,471,N500
1448,FR,445,480,247,N200
1474,MR,640,690,651,N700
1480,FR,560,600,638,N600
1481,MR,490,530,449,N400
1484,MR,480,520,370,N400
1507,FR,530,565,563,N600
1508,4WD,490,525,276,N300
1542,FR,400,440,300,N300
1545,4WD,600,650,631,N600
1562,FR,560,595,552,N600
1646,4WD,500,540,350,N400
1722,MR,560,610,616,N600
1729,FR,420,455,330,N300
1770,4WD,620,670,690,N700
1797,FR,700,735,,
1896,4WD,520,570,416,N400
1905,4WD,700,735,,
1916,FR,510,550,455,N500
1927,4WD,500,540,320,N300
1956,FR,540,580,640,N600
1965,4WD,510,550,380,N400
1990,MR,560,610,575,N600
2049,4WD,700,760,987,N1000
2050,MR,650,720,720,N700
2051,FR,470,510,348,N300
2059,FR,380,420,280,N300
2074,FR,520,555,425,N400
2101,4WD,530,570,450,N500
2127,FR,850,920,500,
2138,FR,490,525,429,N400
2139,FR,520,555,467,N500
2148,FR,400,435,128,N100
2149,FR,540,575,503,N500
2150,4WD,500,535,296,N300
2153,4WD,500,535,296,N300
2159,FR,700,735,,
2161,4WD,620,655,,
2162,MR,680,730,949,N1000
2164,FR,620,655,,
2167,4WD,560,595,562,N600
2170,4WD,470,505,355,N400
2171,4WD,590,640,602,N600
2173,FF,420,460,173,N200
2174,MR,560,610,641,N600
2177,4WD,700,735,,
2183,FR,700,735,,
2185,4WD,700,735,,
2186,4WD,700,735,,
3192,FR,620,655,,
3214,FF,480,515,306,N300
3218,FR,700,735,,
3219,4WD,560,600,573,N600
3223,FR,700,735,,
3224,FR,700,735,,
3229,4WD,640,680,,
3230,4WD,640,680,,
3232,4WD,640,680,,
3235,MR,700,735,,
3239,4WD,640,680,,
3241,4WD,640,680,,
3245,FR,620,655,,
3247,FR,620,655,,
3249,FR,620,655,,
3251,MR,620,655,,
3253,4WD,620,655,,
3254,FR,620,655,,
3257,MR,620,655,,
3258,4WD,620,655,,
3261,4WD,620,655,,
3266,RR,380,420,168,N200
3268,RR,580,620,,
3297,4WD,520,560,345,N300
3311,RR,700,735,,
3312,4WD,540,590,600,N600
3313,4WD,550,600,650,N700
3334,4WD,520,560,400,N400
3336,4WD,520,560,420,N400
3344,FR,450,485,235,N200
3345,4WD,590,625,591,N600
3351,4WD,700,800,800,N800
3354,FR,440,475,197,N200
3358,RR,520,560,,
3359,RR,540,580,,
3360,MR,680,740,986,N1000
3367,FR,510,545,335,N300
3368,4WD,510,550,380,N400
3384,4WD,510,550,350,N400
3385,RR,480,520,296,N300
3388,FR,450,490,417,N400
3389,FR,470,505,338,N300
3390,4WD,580,630,751,N800
3392,4WD,650,700,740,N700
3400,RR,560,610,537,N500
3404,RR,500,540,296,N300
3416,FR,560,595,577,N600
3418,FR,515,550,382,N400
3420,4WD,500,535,345,N300
3424,4WD,495,530,276,N300
3431,RR,480,520,256,N300
3432,4WD,490,525,276,N300
3439,RR,490,530,296,N300
3440,RR,510,550,355,N400
3449,FR,580,620,755,N800
3450,4WD,700,735,,
3451,4WD,480,515,257,N300
3453,FR,440,475,235,N200
3458,FR,520,555,503,N500
3459,4WD,520,560,414,N400
3464,FR,340,380,220,N200
3467,FF,500,535,316,N300
3471,4WD,550,600,600,N600
3473,4WD,720,780,1479,N1000
3481,FR,450,485,231,N200
3485,FR,590,625,720,N700
3487,FR,460,495,370,N400
3488,MR,520,560,,
3499,4WD,560,610,700,N700
3506,FR,445,480,231,N200
3509,RR,430,470,207,N200
3511,4WD,850,950,671,
3512,FR,400,435,128,N100
3513,FR,430,465,217,N200
3518,FR,520,560,490,N500
3519,4WD,540,580,450,N500
3524,4WD,530,565,276,N300
3532,MR,700,780,1000,N1000
3535,4WD,540,590,550,N600
3536,FF,510,545,324,N300
3539,RR,600,645,,
3540,4WD,540,590,510,N500
3545,4WD,550,600,600,N600
3548,4WD,560,610,641,N600
3550,4WD,470,510,,
3551,FR,455,490,316,N300
3553,4WD,600,635,591,N600
3558,RR,620,670,641,N600
3559,4WD,560,610,650,N700
3561,4WD,550,600,641,N600
3569,4WD,580,620,493,N500
3570,FR,500,540,385,N400
3581,MR,620,700,800,N800
3582,MR,700,800,1000,N1000
3583,4WD,520,560,400,N400
3584,4WD,530,570,450,N500
3586,4WD,560,610,872,N800
3600,RR,700,735,,
3602,4WD,620,680,1300,N1000
3604,4WD,560,620,700,N700
3605,4WD,580,640,800,N800
3606,4WD,570,630,750,N800
3607,4WD,580,640,800,N800
3610,4WD,555,605,641,N600
